title,content
Article on Data Science #1,This article explains data science concepts and their applications in the industry.
Article on Machine Learning #2,Latest trends and research areas in machine learning.
Article on Deep Learning #3,A comprehensive guide to deep learning for beginners.
Article on Deep Learning #4,This article explains deep learning concepts and their applications in the industry.
Article on Data Science #5,Understanding the foundations and techniques of data science.
Article on Machine Learning #6,Understanding the foundations and techniques of machine learning.
Article on Ai #7,This article explains AI concepts and their applications in the industry.
Article on Machine Learning #8,This article explains machine learning concepts and their applications in the industry.
Article on Deep Learning #9,A comprehensive guide to deep learning for beginners.
Article on Computer Vision #10,Understanding the foundations and techniques of computer vision.
Article on Machine Learning #11,Understanding the foundations and techniques of machine learning.
Article on Deep Learning #12,Understanding the foundations and techniques of deep learning.
Article on Ai #13,A comprehensive guide to AI for beginners.
Article on Ai #14,Understanding the foundations and techniques of AI.
Article on Nlp #15,This article explains NLP concepts and their applications in the industry.
Article on Deep Learning #16,"How deep learning is transforming healthcare, finance, and more."
Article on Nlp #17,Latest trends and research areas in NLP.
Article on Deep Learning #18,A comprehensive guide to deep learning for beginners.
Article on Nlp #19,This article explains NLP concepts and their applications in the industry.
Article on Machine Learning #20,"How machine learning is transforming healthcare, finance, and more."
Article on Machine Learning #21,Latest trends and research areas in machine learning.
Article on Nlp #22,Understanding the foundations and techniques of NLP.
Article on Nlp #23,This article explains NLP concepts and their applications in the industry.
Article on Data Science #24,"How data science is transforming healthcare, finance, and more."
Article on Computer Vision #25,This article explains computer vision concepts and their applications in the industry.
Article on Ai #26,This article explains AI concepts and their applications in the industry.
Article on Computer Vision #27,Latest trends and research areas in computer vision.
Article on Data Science #28,Understanding the foundations and techniques of data science.
Article on Nlp #29,Understanding the foundations and techniques of NLP.
Article on Deep Learning #30,This article explains deep learning concepts and their applications in the industry.
Article on Machine Learning #31,A comprehensive guide to machine learning for beginners.
Article on Nlp #32,This article explains NLP concepts and their applications in the industry.
Article on Deep Learning #33,This article explains deep learning concepts and their applications in the industry.
Article on Ai #34,Latest trends and research areas in AI.
Article on Ai #35,Latest trends and research areas in AI.
Article on Deep Learning #36,Latest trends and research areas in deep learning.
Article on Nlp #37,A comprehensive guide to NLP for beginners.
Article on Data Science #38,Latest trends and research areas in data science.
Article on Data Science #39,This article explains data science concepts and their applications in the industry.
Article on Computer Vision #40,A comprehensive guide to computer vision for beginners.
Article on Computer Vision #41,A comprehensive guide to computer vision for beginners.
Article on Deep Learning #42,"How deep learning is transforming healthcare, finance, and more."
Article on Ai #43,Latest trends and research areas in AI.
Article on Data Science #44,Understanding the foundations and techniques of data science.
Article on Deep Learning #45,Latest trends and research areas in deep learning.
Article on Machine Learning #46,A comprehensive guide to machine learning for beginners.
Article on Machine Learning #47,Latest trends and research areas in machine learning.
Article on Ai #48,Latest trends and research areas in AI.
Article on Machine Learning #49,A comprehensive guide to machine learning for beginners.
Article on Computer Vision #50,Latest trends and research areas in computer vision.
